alias pat Patrick Maillard <pm@immomigsa.ch>
alias pm Patrick Maillard <pm@immomigsa.ch>

alias miljan.vranic Miljan Vranic <mvranic@immomigsa.ch>
alias mvranic Miljan Vranic <mvranic@immomigsa.ch>

alias biljana.petrovic Biljana Petrovic <bpetrovic@immomigsa.ch>
alias bpetrovic Biljana Petrovic <bpetrovic@immomigsa.ch>

alias ncirovic Nemanja Cirovic <ncirovic@immomigsa.ch>
alias nemanja.cirovic Nemanja Cirovic <ncirovic@immomigsa.ch>

alias nradovic Nenad Radovic <nradovic@immomigsa.ch>
alias nenad.radovic Nenad Radovic <nradovic@immomigsa.ch>

alias philippe.suter Philippe Suter <philippe.suter@epfl.ch>
alias viktor.kuncak Viktor Kuncak <viktor.kuncak@epfl.ch>

alias alexandre.dixon Alex Dixon <alexandre.dixon@gmail.com>
alias ali Ali Sinan Koksal <alisinan.koksal@epfl.ch>
